URL,ID,Type,Index,Text
https://www.semanticscholar.org/paper/BERT%3A-Pre-training-of-Deep-Bidirectional-for-Devlin-Chang/df2b0e26d0599ce3e70df8a9da02e51594e0e992,0,Title,0,BERT: Pre-training of Deep Bidirectional Transformers for Language Understanding
https://www.semanticscholar.org/paper/BERT%3A-Pre-training-of-Deep-Bidirectional-for-Devlin-Chang/df2b0e26d0599ce3e70df8a9da02e51594e0e992,0,Abstract,0,"We introduce a new language representation model called BERT, which stands for Bidirectional Encoder Representations from Transformers. "
https://www.semanticscholar.org/paper/BERT%3A-Pre-training-of-Deep-Bidirectional-for-Devlin-Chang/df2b0e26d0599ce3e70df8a9da02e51594e0e992,0,Abstract,1,"Unlike recent language representation models, BERT is designed to pre-train deep bidirectional representations from unlabeled text by jointly conditioning on both left and right context in all layers. "
https://www.semanticscholar.org/paper/BERT%3A-Pre-training-of-Deep-Bidirectional-for-Devlin-Chang/df2b0e26d0599ce3e70df8a9da02e51594e0e992,0,Abstract,2,"As a result, the pre-trained BERT model can be fine-tuned with just one additional output layer to create state-of-the-art models for a wide range of tasks, such as question answering and language inference, without substantial task-specific architecture modifications."
https://www.semanticscholar.org/paper/BERT%3A-Pre-training-of-Deep-Bidirectional-for-Devlin-Chang/df2b0e26d0599ce3e70df8a9da02e51594e0e992,0,Abstract,3,BERT is conceptually simple and empirically powerful. 
https://www.semanticscholar.org/paper/BERT%3A-Pre-training-of-Deep-Bidirectional-for-Devlin-Chang/df2b0e26d0599ce3e70df8a9da02e51594e0e992,0,Abstract,4,"It obtains new state-of-the-art results on eleven natural language processing tasks, including pushing the GLUE score to 80.5% (7.7% point absolute improvement), MultiNLI accuracy to 86.7% (4.6% absolute improvement), SQuAD v1.1 question answering Test F1 to 93.2 (1.5 point absolute improvement) and SQuAD v2.0 Test F1 to 83.1 (5.1 point absolute improvement)"
https://www.semanticscholar.org/paper/RoBERTa%3A-A-Robustly-Optimized-BERT-Pretraining-Liu-Ott/077f8329a7b6fa3b7c877a57b81eb6c18b5f87de,1,Title,0,RoBERTa: A Robustly Optimized BERT Pretraining Approach
https://www.semanticscholar.org/paper/RoBERTa%3A-A-Robustly-Optimized-BERT-Pretraining-Liu-Ott/077f8329a7b6fa3b7c877a57b81eb6c18b5f87de,1,Abstract,0,Language model pretraining has led to significant performance gains but careful comparison between different approaches is challenging. 
https://www.semanticscholar.org/paper/RoBERTa%3A-A-Robustly-Optimized-BERT-Pretraining-Liu-Ott/077f8329a7b6fa3b7c877a57b81eb6c18b5f87de,1,Abstract,1,"Training is computationally expensive, often done on private datasets of different sizes, and, as we will show, hyperparameter choices have significant impact on the final results. "
https://www.semanticscholar.org/paper/RoBERTa%3A-A-Robustly-Optimized-BERT-Pretraining-Liu-Ott/077f8329a7b6fa3b7c877a57b81eb6c18b5f87de,1,Abstract,2,"We present a replication study of BERT pretraining (Devlin et al., 2019) that carefully measures the impact of many key hyperparameters and training data size. "
https://www.semanticscholar.org/paper/RoBERTa%3A-A-Robustly-Optimized-BERT-Pretraining-Liu-Ott/077f8329a7b6fa3b7c877a57b81eb6c18b5f87de,1,Abstract,3,"We find that BERT was significantly undertrained, and can match or exceed the performance of every model published after it. "
https://www.semanticscholar.org/paper/RoBERTa%3A-A-Robustly-Optimized-BERT-Pretraining-Liu-Ott/077f8329a7b6fa3b7c877a57b81eb6c18b5f87de,1,Abstract,4,"Our best model achieves state-of-the-art results on GLUE, RACE and SQuAD. "
https://www.semanticscholar.org/paper/RoBERTa%3A-A-Robustly-Optimized-BERT-Pretraining-Liu-Ott/077f8329a7b6fa3b7c877a57b81eb6c18b5f87de,1,Abstract,5,"These results highlight the importance of previously overlooked design choices, and raise questions about the source of recently reported improvements. "
https://www.semanticscholar.org/paper/RoBERTa%3A-A-Robustly-Optimized-BERT-Pretraining-Liu-Ott/077f8329a7b6fa3b7c877a57b81eb6c18b5f87de,1,Abstract,6,We release our models and code.
https://www.semanticscholar.org/paper/DistilBERT%2C-a-distilled-version-of-BERT%3A-smaller%2C-Sanh-Debut/9df8a296b4f414dfea1997d6662b812c9d626c38,2,Title,0,"DistilBERT, a distilled version of BERT: smaller, faster, cheaper and lighter"
https://www.semanticscholar.org/paper/DistilBERT%2C-a-distilled-version-of-BERT%3A-smaller%2C-Sanh-Debut/9df8a296b4f414dfea1997d6662b812c9d626c38,2,Abstract,0,"As Transfer Learning from large-scale pre-trained models becomes more prevalent in Natural Language Processing (NLP), operating these large models in on-the-edge and/or under constrained computational training or inference budgets remains challenging. "
https://www.semanticscholar.org/paper/DistilBERT%2C-a-distilled-version-of-BERT%3A-smaller%2C-Sanh-Debut/9df8a296b4f414dfea1997d6662b812c9d626c38,2,Abstract,1,"In this work, we propose a method to pre-train a smaller general-purpose language representation model, called DistilBERT, which can then be fine-tuned with good performances on a wide range of tasks like its larger counterparts. "
https://www.semanticscholar.org/paper/DistilBERT%2C-a-distilled-version-of-BERT%3A-smaller%2C-Sanh-Debut/9df8a296b4f414dfea1997d6662b812c9d626c38,2,Abstract,2,"While most prior work investigated the use of distillation for building task-specific models, we leverage knowledge distillation during the pre-training phase and show that it is possible to reduce the size of a BERT model by 40%, while retaining 97% of its language understanding capabilities and being 60% faster. "
https://www.semanticscholar.org/paper/DistilBERT%2C-a-distilled-version-of-BERT%3A-smaller%2C-Sanh-Debut/9df8a296b4f414dfea1997d6662b812c9d626c38,2,Abstract,3,"To leverage the inductive biases learned by larger models during pre-training, we introduce a triple loss combining language modeling, distillation and cosine-distance losses. "
https://www.semanticscholar.org/paper/DistilBERT%2C-a-distilled-version-of-BERT%3A-smaller%2C-Sanh-Debut/9df8a296b4f414dfea1997d6662b812c9d626c38,2,Abstract,4,"Our smaller, faster and lighter model is cheaper to pre-train and we demonstrate its capabilities for on-device computations in a proof-of-concept experiment and a comparative on-device study."
https://www.semanticscholar.org/paper/BERT-Rediscovers-the-Classical-NLP-Pipeline-Tenney-Das/97906df07855b029b7aae7c2a1c6c5e8df1d531c,3,Title,0,BERT Rediscovers the Classical NLP Pipeline
https://www.semanticscholar.org/paper/BERT-Rediscovers-the-Classical-NLP-Pipeline-Tenney-Das/97906df07855b029b7aae7c2a1c6c5e8df1d531c,3,Abstract,0,Pre-trained text encoders have rapidly advanced the state of the art on many NLP tasks. 
https://www.semanticscholar.org/paper/BERT-Rediscovers-the-Classical-NLP-Pipeline-Tenney-Das/97906df07855b029b7aae7c2a1c6c5e8df1d531c,3,Abstract,1,"We focus on one such model, BERT, and aim to quantify where linguistic information is captured within the network. "
https://www.semanticscholar.org/paper/BERT-Rediscovers-the-Classical-NLP-Pipeline-Tenney-Das/97906df07855b029b7aae7c2a1c6c5e8df1d531c,3,Abstract,2,"We find that the model represents the steps of the traditional NLP pipeline in an interpretable and localizable way, and that the regions responsible for each step appear in the expected sequence: POS tagging, parsing, NER, semantic roles, then coreference. "
https://www.semanticscholar.org/paper/BERT-Rediscovers-the-Classical-NLP-Pipeline-Tenney-Das/97906df07855b029b7aae7c2a1c6c5e8df1d531c,3,Abstract,3,"Qualitative analysis reveals that the model can and often does adjust this pipeline dynamically, revising lower-level decisions on the basis of disambiguating information from higher-level representations."
https://www.semanticscholar.org/paper/What-Does-BERT-Look-At-An-Analysis-of-BERT's-Clark-Khandelwal/95a251513853c6032bdecebd4b74e15795662986,4,Title,0,What Does BERT Look At? An Analysis of BERT's Attention
https://www.semanticscholar.org/paper/What-Does-BERT-Look-At-An-Analysis-of-BERT's-Clark-Khandelwal/95a251513853c6032bdecebd4b74e15795662986,4,Abstract,0,"Large pre-trained neural networks such as BERT have had great recent success in NLP, motivating a growing body of research investigating what aspects of language they are able to learn from unlabeled data. "
https://www.semanticscholar.org/paper/What-Does-BERT-Look-At-An-Analysis-of-BERT's-Clark-Khandelwal/95a251513853c6032bdecebd4b74e15795662986,4,Abstract,1,"Most recent analysis has focused on model outputs (e.g., language model surprisal) or internal vector representations (e.g., probing classifiers). "
https://www.semanticscholar.org/paper/What-Does-BERT-Look-At-An-Analysis-of-BERT's-Clark-Khandelwal/95a251513853c6032bdecebd4b74e15795662986,4,Abstract,2,"Complementary to these works, we propose methods for analyzing the attention mechanisms of pre-trained models and apply them to BERT. "
https://www.semanticscholar.org/paper/What-Does-BERT-Look-At-An-Analysis-of-BERT's-Clark-Khandelwal/95a251513853c6032bdecebd4b74e15795662986,4,Abstract,3,"BERT's attention heads exhibit patterns such as attending to delimiter tokens, specific positional offsets, or broadly attending over the whole sentence, with heads in the same layer often exhibiting similar behaviors. "
https://www.semanticscholar.org/paper/What-Does-BERT-Look-At-An-Analysis-of-BERT's-Clark-Khandelwal/95a251513853c6032bdecebd4b74e15795662986,4,Abstract,4,We further show that certain attention heads correspond well to linguistic notions of syntax and coreference. 
https://www.semanticscholar.org/paper/What-Does-BERT-Look-At-An-Analysis-of-BERT's-Clark-Khandelwal/95a251513853c6032bdecebd4b74e15795662986,4,Abstract,5,"For example, we find heads that attend to the direct objects of verbs, determiners of nouns, objects of prepositions, and coreferent mentions with remarkably high accuracy. "
https://www.semanticscholar.org/paper/What-Does-BERT-Look-At-An-Analysis-of-BERT's-Clark-Khandelwal/95a251513853c6032bdecebd4b74e15795662986,4,Abstract,6,"Lastly, we propose an attention-based probing classifier and use it to further demonstrate that substantial syntactic information is captured in BERT's attention."
https://www.semanticscholar.org/paper/Passage-Re-ranking-with-BERT-Nogueira-Cho/85e07116316e686bf787114ba10ca60f4ea7c5b2,5,Title,0,Passage Re-ranking with BERT
https://www.semanticscholar.org/paper/Passage-Re-ranking-with-BERT-Nogueira-Cho/85e07116316e686bf787114ba10ca60f4ea7c5b2,5,Abstract,0,"Recently, neural models pretrained on a language modeling task, such as ELMo (Peters et al., 2017), OpenAI GPT (Radford et al., 2018), and BERT (Devlin et al., 2018), have achieved impressive results on various natural language processing tasks such as question-answering and natural language inference. "
https://www.semanticscholar.org/paper/Passage-Re-ranking-with-BERT-Nogueira-Cho/85e07116316e686bf787114ba10ca60f4ea7c5b2,5,Abstract,1,"In this paper, we describe a simple re-implementation of BERT for query-based passage re-ranking. "
https://www.semanticscholar.org/paper/Passage-Re-ranking-with-BERT-Nogueira-Cho/85e07116316e686bf787114ba10ca60f4ea7c5b2,5,Abstract,2,"Our system is the state of the art on the TREC-CAR dataset and the top entry in the leaderboard of the MS MARCO passage retrieval task, outperforming the previous state of the art by 27% (relative) in MRR@10. "
https://www.semanticscholar.org/paper/Passage-Re-ranking-with-BERT-Nogueira-Cho/85e07116316e686bf787114ba10ca60f4ea7c5b2,5,Abstract,3,The code to reproduce our results is available at this https URL
https://www.semanticscholar.org/paper/Assessing-BERT's-Syntactic-Abilities-Goldberg/efeab0dcdb4c1cce5e537e57745d84774be99b9a,6,Title,0,Assessing BERT's Syntactic Abilities
https://www.semanticscholar.org/paper/Assessing-BERT's-Syntactic-Abilities-Goldberg/efeab0dcdb4c1cce5e537e57745d84774be99b9a,6,Abstract,0,"I assess the extent to which the recently introduced BERT model captures English syntactic phenomena, using (1) naturally-occurring subject-verb agreement stimuli; (2) ""coloreless green ideas"" subject-verb agreement stimuli, in which content words in natural sentences are randomly replaced with words sharing the same part-of-speech and inflection; and (3) manually crafted stimuli for subject-verb agreement and reflexive anaphora phenomena. "
https://www.semanticscholar.org/paper/Assessing-BERT's-Syntactic-Abilities-Goldberg/efeab0dcdb4c1cce5e537e57745d84774be99b9a,6,Abstract,1,The BERT model performs remarkably well on all cases.
https://www.semanticscholar.org/paper/Beto%2C-Bentz%2C-Becas%3A-The-Surprising-Cross-Lingual-of-Wu-Dredze/2fa3f7ce620a1c7155daef6620dd6bb0e01934f3,7,Title,0,"Beto, Bentz, Becas: The Surprising Cross-Lingual Effectiveness of BERT"
https://www.semanticscholar.org/paper/Beto%2C-Bentz%2C-Becas%3A-The-Surprising-Cross-Lingual-of-Wu-Dredze/2fa3f7ce620a1c7155daef6620dd6bb0e01934f3,7,Abstract,0,"Pretrained contextual representation models (Peters et al., 2018; Devlin et al., 2018) have pushed forward the state-of-the-art on many NLP tasks. "
https://www.semanticscholar.org/paper/Beto%2C-Bentz%2C-Becas%3A-The-Surprising-Cross-Lingual-of-Wu-Dredze/2fa3f7ce620a1c7155daef6620dd6bb0e01934f3,7,Abstract,1,"A new release of BERT (Devlin, 2018) includes a model simultaneously pretrained on 104 languages with impressive performance for zero-shot cross-lingual transfer on a natural language inference task. "
https://www.semanticscholar.org/paper/Beto%2C-Bentz%2C-Becas%3A-The-Surprising-Cross-Lingual-of-Wu-Dredze/2fa3f7ce620a1c7155daef6620dd6bb0e01934f3,7,Abstract,2,"This paper explores the broader cross-lingual potential of mBERT (multilingual) as a zero shot language transfer model on 5 NLP tasks covering a total of 39 languages from various language families: NLI, document classification, NER, POS tagging, and dependency parsing. "
https://www.semanticscholar.org/paper/Beto%2C-Bentz%2C-Becas%3A-The-Surprising-Cross-Lingual-of-Wu-Dredze/2fa3f7ce620a1c7155daef6620dd6bb0e01934f3,7,Abstract,3,We compare mBERT with the best-published methods for zero-shot cross-lingual transfer and find mBERT competitive on each task. 
https://www.semanticscholar.org/paper/Beto%2C-Bentz%2C-Becas%3A-The-Surprising-Cross-Lingual-of-Wu-Dredze/2fa3f7ce620a1c7155daef6620dd6bb0e01934f3,7,Abstract,4,"Additionally, we investigate the most effective strategy for utilizing mBERT in this manner, determine to what extent mBERT generalizes away from language specific features, and measure factors that influence cross-lingual transfer."
https://www.semanticscholar.org/paper/TinyBERT%3A-Distilling-BERT-for-Natural-Language-Jiao-Yin/0cbf97173391b0430140117027edcaf1a37968c7,8,Title,0,TinyBERT: Distilling BERT for Natural Language Understanding
https://www.semanticscholar.org/paper/TinyBERT%3A-Distilling-BERT-for-Natural-Language-Jiao-Yin/0cbf97173391b0430140117027edcaf1a37968c7,8,Abstract,0,"Language model pre-training, such as BERT, has significantly improved the performances of many natural language processing tasks. "
https://www.semanticscholar.org/paper/TinyBERT%3A-Distilling-BERT-for-Natural-Language-Jiao-Yin/0cbf97173391b0430140117027edcaf1a37968c7,8,Abstract,1,"However, pre-trained language models are usually computationally expensive and memory intensive, so it is difficult to effectively execute them on some resource-restricted devices. "
https://www.semanticscholar.org/paper/TinyBERT%3A-Distilling-BERT-for-Natural-Language-Jiao-Yin/0cbf97173391b0430140117027edcaf1a37968c7,8,Abstract,2,"To accelerate inference and reduce model size while maintaining accuracy, we firstly propose a novel transformer distillation method that is a specially designed knowledge distillation (KD) method for transformer-based models. "
https://www.semanticscholar.org/paper/TinyBERT%3A-Distilling-BERT-for-Natural-Language-Jiao-Yin/0cbf97173391b0430140117027edcaf1a37968c7,8,Abstract,3,"By leveraging this new KD method, the plenty of knowledge encoded in a large teacher BERT can be well transferred to a small student TinyBERT. "
https://www.semanticscholar.org/paper/TinyBERT%3A-Distilling-BERT-for-Natural-Language-Jiao-Yin/0cbf97173391b0430140117027edcaf1a37968c7,8,Abstract,4,"Moreover, we introduce a new two-stage learning framework for TinyBERT, which performs transformer distillation at both the pre-training and task-specific learning stages. "
https://www.semanticscholar.org/paper/TinyBERT%3A-Distilling-BERT-for-Natural-Language-Jiao-Yin/0cbf97173391b0430140117027edcaf1a37968c7,8,Abstract,5,This framework ensures that TinyBERT can capture both the general-domain and task-specific knowledge of the teacher BERT. 
https://www.semanticscholar.org/paper/TinyBERT%3A-Distilling-BERT-for-Natural-Language-Jiao-Yin/0cbf97173391b0430140117027edcaf1a37968c7,8,Abstract,6,"TinyBERT is empirically effective and achieves comparable results with BERT in GLUE datasets, while being 7.5x smaller and 9.4x faster on inference. "
https://www.semanticscholar.org/paper/TinyBERT%3A-Distilling-BERT-for-Natural-Language-Jiao-Yin/0cbf97173391b0430140117027edcaf1a37968c7,8,Abstract,7,"TinyBERT is also significantly better than state-of-the-art baselines, even with only about 28% parameters and 31% inference time of baselines"
https://www.semanticscholar.org/paper/Fine-tune-BERT-for-Extractive-Summarization-Liu/a10a6495723ea8c928680ecdd61714f5750586c3,9,Title,0,Fine-tune BERT for Extractive Summarization
https://www.semanticscholar.org/paper/Fine-tune-BERT-for-Extractive-Summarization-Liu/a10a6495723ea8c928680ecdd61714f5750586c3,9,Abstract,0,"BERT, a pre-trained Transformer model, has achieved ground-breaking performance on multiple NLP tasks. "
https://www.semanticscholar.org/paper/Fine-tune-BERT-for-Extractive-Summarization-Liu/a10a6495723ea8c928680ecdd61714f5750586c3,9,Abstract,1,"In this paper, we describe BERTSUM, a simple variant of BERT, for extractive summarization. "
https://www.semanticscholar.org/paper/Fine-tune-BERT-for-Extractive-Summarization-Liu/a10a6495723ea8c928680ecdd61714f5750586c3,9,Abstract,2,"Our system is the state of the art on the CNN/Dailymail dataset, outperforming the previous best-performed system by 1.65 on ROUGE-L. "
https://www.semanticscholar.org/paper/Fine-tune-BERT-for-Extractive-Summarization-Liu/a10a6495723ea8c928680ecdd61714f5750586c3,9,Abstract,3,The codes to reproduce our results are available at this https URL
https://www.semanticscholar.org/paper/BERT-Post-Training-for-Review-Reading-Comprehension-Xu-Liu/a4bc4b98a917174ac2ab14bd5e66d64306079ab5,10,Title,0,BERT Post-Training for Review Reading Comprehension and Aspect-based Sentiment Analysis
https://www.semanticscholar.org/paper/BERT-Post-Training-for-Review-Reading-Comprehension-Xu-Liu/a4bc4b98a917174ac2ab14bd5e66d64306079ab5,10,Abstract,0,Question-answering plays an important role in e-commerce as it allows potential customers to actively seek crucial information about products or services to help their purchase decision making. 
https://www.semanticscholar.org/paper/BERT-Post-Training-for-Review-Reading-Comprehension-Xu-Liu/a4bc4b98a917174ac2ab14bd5e66d64306079ab5,10,Abstract,1,"Inspired by the recent success of machine reading comprehension (MRC) on formal documents, this paper explores the potential of turning customer reviews into a large source of knowledge that can be exploited to answer user questions.~We call this problem Review Reading Comprehension (RRC). "
https://www.semanticscholar.org/paper/BERT-Post-Training-for-Review-Reading-Comprehension-Xu-Liu/a4bc4b98a917174ac2ab14bd5e66d64306079ab5,10,Abstract,2,"To the best of our knowledge, no existing work has been done on RRC. "
https://www.semanticscholar.org/paper/BERT-Post-Training-for-Review-Reading-Comprehension-Xu-Liu/a4bc4b98a917174ac2ab14bd5e66d64306079ab5,10,Abstract,3,"In this work, we first build an RRC dataset called ReviewRC based on a popular benchmark for aspect-based sentiment analysis. "
https://www.semanticscholar.org/paper/BERT-Post-Training-for-Review-Reading-Comprehension-Xu-Liu/a4bc4b98a917174ac2ab14bd5e66d64306079ab5,10,Abstract,4,"Since ReviewRC has limited training examples for RRC (and also for aspect-based sentiment analysis), we then explore a novel post-training approach on the popular language model BERT to enhance the performance of fine-tuning of BERT for RRC. "
https://www.semanticscholar.org/paper/BERT-Post-Training-for-Review-Reading-Comprehension-Xu-Liu/a4bc4b98a917174ac2ab14bd5e66d64306079ab5,10,Abstract,5,"To show the generality of the approach, the proposed post-training is also applied to some other review-based tasks such as aspect extraction and aspect sentiment classification in aspect-based sentiment analysis. "
https://www.semanticscholar.org/paper/BERT-Post-Training-for-Review-Reading-Comprehension-Xu-Liu/a4bc4b98a917174ac2ab14bd5e66d64306079ab5,10,Abstract,6,Experimental results demonstrate that the proposed post-training is highly effective. 
https://www.semanticscholar.org/paper/BERT-Post-Training-for-Review-Reading-Comprehension-Xu-Liu/a4bc4b98a917174ac2ab14bd5e66d64306079ab5,10,Abstract,7,The datasets and code are available at this https URL
https://www.semanticscholar.org/paper/How-to-Fine-Tune-BERT-for-Text-Classification-Sun-Qiu/a022bda79947d1f656a1164003c1b3ae9a843df9,11,Title,0,How to Fine-Tune BERT for Text Classification?
https://www.semanticscholar.org/paper/How-to-Fine-Tune-BERT-for-Text-Classification-Sun-Qiu/a022bda79947d1f656a1164003c1b3ae9a843df9,11,Abstract,0,Language model pre-training has proven to be useful in learning universal language representations. 
https://www.semanticscholar.org/paper/How-to-Fine-Tune-BERT-for-Text-Classification-Sun-Qiu/a022bda79947d1f656a1164003c1b3ae9a843df9,11,Abstract,1,"As a state-of-the-art language model pre-training model, BERT (Bidirectional Encoder Representations from Transformers) has achieved amazing results in many language understanding tasks. "
https://www.semanticscholar.org/paper/How-to-Fine-Tune-BERT-for-Text-Classification-Sun-Qiu/a022bda79947d1f656a1164003c1b3ae9a843df9,11,Abstract,2,"In this paper, we conduct exhaustive experiments to investigate different fine-tuning methods of BERT on text classification task and provide a general solution for BERT fine-tuning. "
https://www.semanticscholar.org/paper/How-to-Fine-Tune-BERT-for-Text-Classification-Sun-Qiu/a022bda79947d1f656a1164003c1b3ae9a843df9,11,Abstract,3,"Finally, the proposed solution obtains new state-of-the-art results on eight widely-studied text classification datasets"
https://www.semanticscholar.org/paper/BERT-has-a-Mouth%2C-and-It-Must-Speak%3A-BERT-as-a-Wang-Cho/d79ac7a7bafdc9a782fb8c53285ca11c7f2e3f18,12,Title,0,"BERT has a Mouth, and It Must Speak: BERT as a Markov Random Field Language Model"
https://www.semanticscholar.org/paper/BERT-has-a-Mouth%2C-and-It-Must-Speak%3A-BERT-as-a-Wang-Cho/d79ac7a7bafdc9a782fb8c53285ca11c7f2e3f18,12,Abstract,0,"We show that BERT (Devlin et al., 2018) is a Markov random field language model. "
https://www.semanticscholar.org/paper/BERT-has-a-Mouth%2C-and-It-Must-Speak%3A-BERT-as-a-Wang-Cho/d79ac7a7bafdc9a782fb8c53285ca11c7f2e3f18,12,Abstract,1,This formulation gives way to a natural procedure to sample sentences from BERT. 
https://www.semanticscholar.org/paper/BERT-has-a-Mouth%2C-and-It-Must-Speak%3A-BERT-as-a-Wang-Cho/d79ac7a7bafdc9a782fb8c53285ca11c7f2e3f18,12,Abstract,2,"We generate from BERT and find that it can produce high-quality, fluent generations. "
https://www.semanticscholar.org/paper/BERT-has-a-Mouth%2C-and-It-Must-Speak%3A-BERT-as-a-Wang-Cho/d79ac7a7bafdc9a782fb8c53285ca11c7f2e3f18,12,Abstract,3,"Compared to the generations of a traditional left-to-right language model, BERT generates sentences that are more diverse but of slightly worse quality."
https://www.semanticscholar.org/paper/Utilizing-BERT-for-Aspect-Based-Sentiment-Analysis-Sun-Huang/0de47f354468283efc7765ec0b3588b2ae483c77,13,Title,0,Utilizing BERT for Aspect-Based Sentiment Analysis via Constructing Auxiliary Sentence
https://www.semanticscholar.org/paper/Utilizing-BERT-for-Aspect-Based-Sentiment-Analysis-Sun-Huang/0de47f354468283efc7765ec0b3588b2ae483c77,13,Abstract,0,"Aspect-based sentiment analysis (ABSA), which aims to identify fine-grained opinion polarity towards a specific aspect, is a challenging subtask of sentiment analysis (SA). "
https://www.semanticscholar.org/paper/Utilizing-BERT-for-Aspect-Based-Sentiment-Analysis-Sun-Huang/0de47f354468283efc7765ec0b3588b2ae483c77,13,Abstract,1,"In this paper, we construct an auxiliary sentence from the aspect and convert ABSA to a sentence-pair classification task, such as question answering (QA) and natural language inference (NLI). "
https://www.semanticscholar.org/paper/Utilizing-BERT-for-Aspect-Based-Sentiment-Analysis-Sun-Huang/0de47f354468283efc7765ec0b3588b2ae483c77,13,Abstract,2,We fine-tune the pre-trained model from BERT and achieve new state-of-the-art results on SentiHood and SemEval-2014 Task 4 datasets
https://www.semanticscholar.org/paper/Simple-Applications-of-BERT-for-Ad-Hoc-Document-Yang-Zhang/ea57734824426a427f8b9139da1ae574cc929543,14,Title,0,Simple Applications of BERT for Ad Hoc Document Retrieval
https://www.semanticscholar.org/paper/Simple-Applications-of-BERT-for-Ad-Hoc-Document-Yang-Zhang/ea57734824426a427f8b9139da1ae574cc929543,14,Abstract,0,"Following recent successes in applying BERT to question answering, we explore simple applications to ad hoc document retrieval. "
https://www.semanticscholar.org/paper/Simple-Applications-of-BERT-for-Ad-Hoc-Document-Yang-Zhang/ea57734824426a427f8b9139da1ae574cc929543,14,Abstract,1,This required confronting the challenge posed by documents that are typically longer than the length of input BERT was designed to handle. 
https://www.semanticscholar.org/paper/Simple-Applications-of-BERT-for-Ad-Hoc-Document-Yang-Zhang/ea57734824426a427f8b9139da1ae574cc929543,14,Abstract,2,"We address this issue by applying inference on sentences individually, and then aggregating sentence scores to produce document scores. "
https://www.semanticscholar.org/paper/Simple-Applications-of-BERT-for-Ad-Hoc-Document-Yang-Zhang/ea57734824426a427f8b9139da1ae574cc929543,14,Abstract,3,"Experiments on TREC microblog and newswire test collections show that our approach is simple yet effective, as we report the highest average precision on these datasets by neural approaches that we are aware of"
https://www.semanticscholar.org/paper/Revealing-the-Dark-Secrets-of-BERT-Kovaleva-Romanov/d78aed1dac6656affa4a04cbf225ced11a83d103,15,Title,0,Revealing the Dark Secrets of BERT
https://www.semanticscholar.org/paper/Revealing-the-Dark-Secrets-of-BERT-Kovaleva-Romanov/d78aed1dac6656affa4a04cbf225ced11a83d103,15,Abstract,0,"BERT-based architectures currently give state-of-the-art performance on many NLP tasks, but little is known about the exact mechanisms that contribute to its success. "
https://www.semanticscholar.org/paper/Revealing-the-Dark-Secrets-of-BERT-Kovaleva-Romanov/d78aed1dac6656affa4a04cbf225ced11a83d103,15,Abstract,1,"In the current work, we focus on the interpretation of self-attention, which is one of the fundamental underlying components of BERT. "
https://www.semanticscholar.org/paper/Revealing-the-Dark-Secrets-of-BERT-Kovaleva-Romanov/d78aed1dac6656affa4a04cbf225ced11a83d103,15,Abstract,2,"Using a subset of GLUE tasks and a set of handcrafted features-of-interest, we propose the methodology and carry out a qualitative and quantitative analysis of the information encoded by the individual BERT's heads. "
https://www.semanticscholar.org/paper/Revealing-the-Dark-Secrets-of-BERT-Kovaleva-Romanov/d78aed1dac6656affa4a04cbf225ced11a83d103,15,Abstract,3,"Our findings suggest that there is a limited set of attention patterns that are repeated across different heads, indicating the overall model overparametrization. "
https://www.semanticscholar.org/paper/Revealing-the-Dark-Secrets-of-BERT-Kovaleva-Romanov/d78aed1dac6656affa4a04cbf225ced11a83d103,15,Abstract,4,"While different heads consistently use the same attention patterns, they have varying impact on performance across different tasks. "
https://www.semanticscholar.org/paper/Revealing-the-Dark-Secrets-of-BERT-Kovaleva-Romanov/d78aed1dac6656affa4a04cbf225ced11a83d103,15,Abstract,5,We show that manually disabling attention in certain heads leads to a performance improvement over the regular fine-tuned BERT models
https://www.semanticscholar.org/paper/Pre-Training-with-Whole-Word-Masking-for-Chinese-Cui-Che/2ff41a463a374b138bb5a012e5a32bc4beefec20,16,Title,0,Pre-Training with Whole Word Masking for Chinese BERT
https://www.semanticscholar.org/paper/Pre-Training-with-Whole-Word-Masking-for-Chinese-Cui-Che/2ff41a463a374b138bb5a012e5a32bc4beefec20,16,Abstract,0,Bidirectional Encoder Representations from Transformers (BERT) has shown marvelous improvements across various NLP tasks. 
https://www.semanticscholar.org/paper/Pre-Training-with-Whole-Word-Masking-for-Chinese-Cui-Che/2ff41a463a374b138bb5a012e5a32bc4beefec20,16,Abstract,1,"Recently, an upgraded version of BERT has been released with Whole Word Masking (WWM), which mitigate the drawbacks of masking partial WordPiece tokens in pre-training BERT. "
https://www.semanticscholar.org/paper/Pre-Training-with-Whole-Word-Masking-for-Chinese-Cui-Che/2ff41a463a374b138bb5a012e5a32bc4beefec20,16,Abstract,2,"In this technical report, we adapt whole word masking in Chinese text, that masking the whole word instead of masking Chinese characters, which could bring another challenge in Masked Language Model (MLM) pre-training task. "
https://www.semanticscholar.org/paper/Pre-Training-with-Whole-Word-Masking-for-Chinese-Cui-Che/2ff41a463a374b138bb5a012e5a32bc4beefec20,16,Abstract,3,The model was trained on the latest Chinese Wikipedia dump. 
https://www.semanticscholar.org/paper/Pre-Training-with-Whole-Word-Masking-for-Chinese-Cui-Che/2ff41a463a374b138bb5a012e5a32bc4beefec20,16,Abstract,4,We aim to provide easy extensibility and better performance for Chinese BERT without changing any neural architecture or even hyper-parameters. 
https://www.semanticscholar.org/paper/Pre-Training-with-Whole-Word-Masking-for-Chinese-Cui-Che/2ff41a463a374b138bb5a012e5a32bc4beefec20,16,Abstract,5,"The model is verified on various NLP tasks, across sentence-level to document-level, including sentiment classification (ChnSentiCorp, Sina Weibo), named entity recognition (People Daily, MSRA-NER), natural language inference (XNLI), sentence pair matching (LCQMC, BQ Corpus), and machine reading comprehension (CMRC 2018, DRCD, CAIL RC). "
https://www.semanticscholar.org/paper/Pre-Training-with-Whole-Word-Masking-for-Chinese-Cui-Che/2ff41a463a374b138bb5a012e5a32bc4beefec20,16,Abstract,6,Experimental results on these datasets show that the whole word masking could bring another significant gain. 
https://www.semanticscholar.org/paper/Pre-Training-with-Whole-Word-Masking-for-Chinese-Cui-Che/2ff41a463a374b138bb5a012e5a32bc4beefec20,16,Abstract,7,"Moreover, we also examine the effectiveness of Chinese pre-trained models: BERT, ERNIE, BERT-wwm. "
https://www.semanticscholar.org/paper/Pre-Training-with-Whole-Word-Masking-for-Chinese-Cui-Che/2ff41a463a374b138bb5a012e5a32bc4beefec20,16,Abstract,8,We release the pre-trained model (both TensorFlow and PyTorch) on GitHub: this https URL
https://www.semanticscholar.org/paper/Multi-passage-BERT%3A-A-Globally-Normalized-BERT-for-Wang-Ng/0cf535110808d33fdf4db3ffa1621dea16e29c0d,17,Title,0,Multi-passage BERT: A Globally Normalized BERT Model for Open-domain Question Answering
https://www.semanticscholar.org/paper/Multi-passage-BERT%3A-A-Globally-Normalized-BERT-for-Wang-Ng/0cf535110808d33fdf4db3ffa1621dea16e29c0d,17,Abstract,0,BERT model has been successfully applied to open-domain QA tasks. 
https://www.semanticscholar.org/paper/Multi-passage-BERT%3A-A-Globally-Normalized-BERT-for-Wang-Ng/0cf535110808d33fdf4db3ffa1621dea16e29c0d,17,Abstract,1,"However, previous work trains BERT by viewing passages corresponding to the same question as independent training instances, which may cause incomparable scores for answers from different passages. "
https://www.semanticscholar.org/paper/Multi-passage-BERT%3A-A-Globally-Normalized-BERT-for-Wang-Ng/0cf535110808d33fdf4db3ffa1621dea16e29c0d,17,Abstract,2,"To tackle this issue, we propose a multi-passage BERT model to globally normalize answer scores across all passages of the same question, and this change enables our QA model find better answers by utilizing more passages. "
https://www.semanticscholar.org/paper/Multi-passage-BERT%3A-A-Globally-Normalized-BERT-for-Wang-Ng/0cf535110808d33fdf4db3ffa1621dea16e29c0d,17,Abstract,3,"In addition, we find that splitting articles into passages with the length of 100 words by sliding window improves performance by 4%. "
https://www.semanticscholar.org/paper/Multi-passage-BERT%3A-A-Globally-Normalized-BERT-for-Wang-Ng/0cf535110808d33fdf4db3ffa1621dea16e29c0d,17,Abstract,4,"By leveraging a passage ranker to select high-quality passages, multi-passage BERT gains additional 2%. "
https://www.semanticscholar.org/paper/Multi-passage-BERT%3A-A-Globally-Normalized-BERT-for-Wang-Ng/0cf535110808d33fdf4db3ffa1621dea16e29c0d,17,Abstract,5,Experiments on four standard benchmarks showed that our multi-passage BERT outperforms all state-of-the-art models on all benchmarks. 
https://www.semanticscholar.org/paper/Multi-passage-BERT%3A-A-Globally-Normalized-BERT-for-Wang-Ng/0cf535110808d33fdf4db3ffa1621dea16e29c0d,17,Abstract,6,"In particular, on the OpenSQuAD dataset, our model gains 21.4% EM and 21.5% $F_1$ over all non-BERT models, and 5.8% EM and 6.5% $F_1$ over BERT-based models"
https://www.semanticscholar.org/paper/BERT-for-Joint-Intent-Classification-and-Slot-Chen-Zhuo/476029ac9be26bf7f121a388f5c1e45d204efe52,18,Title,0,BERT for Joint Intent Classification and Slot Filling
https://www.semanticscholar.org/paper/BERT-for-Joint-Intent-Classification-and-Slot-Chen-Zhuo/476029ac9be26bf7f121a388f5c1e45d204efe52,18,Abstract,0,Intent classification and slot filling are two essential tasks for natural language understanding. 
https://www.semanticscholar.org/paper/BERT-for-Joint-Intent-Classification-and-Slot-Chen-Zhuo/476029ac9be26bf7f121a388f5c1e45d204efe52,18,Abstract,1,"They often suffer from small-scale human-labeled training data, resulting in poor generalization capability, especially for rare words. "
https://www.semanticscholar.org/paper/BERT-for-Joint-Intent-Classification-and-Slot-Chen-Zhuo/476029ac9be26bf7f121a388f5c1e45d204efe52,18,Abstract,2,"Recently a new language representation model, BERT (Bidirectional Encoder Representations from Transformers), facilitates pre-training deep bidirectional representations on large-scale unlabeled corpora, and has created state-of-the-art models for a wide variety of natural language processing tasks after simple fine-tuning. "
https://www.semanticscholar.org/paper/BERT-for-Joint-Intent-Classification-and-Slot-Chen-Zhuo/476029ac9be26bf7f121a388f5c1e45d204efe52,18,Abstract,3,"However, there has not been much effort on exploring BERT for natural language understanding. "
https://www.semanticscholar.org/paper/BERT-for-Joint-Intent-Classification-and-Slot-Chen-Zhuo/476029ac9be26bf7f121a388f5c1e45d204efe52,18,Abstract,4,"In this work, we propose a joint intent classification and slot filling model based on BERT. "
https://www.semanticscholar.org/paper/BERT-for-Joint-Intent-Classification-and-Slot-Chen-Zhuo/476029ac9be26bf7f121a388f5c1e45d204efe52,18,Abstract,5,"Experimental results demonstrate that our proposed model achieves significant improvement on intent classification accuracy, slot filling F1, and sentence-level semantic frame accuracy on several public benchmark datasets, compared to the attention-based recurrent neural network models and slot-gated models"
https://www.semanticscholar.org/paper/BERT-with-History-Answer-Embedding-for-Question-Qu-Yang/8495c1722e1f5107733c842839c2d298b9116921,19,Title,0,BERT with History Answer Embedding for Conversational Question Answering
https://www.semanticscholar.org/paper/BERT-with-History-Answer-Embedding-for-Question-Qu-Yang/8495c1722e1f5107733c842839c2d298b9116921,19,Abstract,0,Conversational search is an emerging topic in the information retrieval community. 
https://www.semanticscholar.org/paper/BERT-with-History-Answer-Embedding-for-Question-Qu-Yang/8495c1722e1f5107733c842839c2d298b9116921,19,Abstract,1,One of the major challenges to multi-turn conversational search is to model the conversation history to answer the current question. 
https://www.semanticscholar.org/paper/BERT-with-History-Answer-Embedding-for-Question-Qu-Yang/8495c1722e1f5107733c842839c2d298b9116921,19,Abstract,2,Existing methods either prepend history turns to the current question or use complicated attention mechanisms to model the history. 
https://www.semanticscholar.org/paper/BERT-with-History-Answer-Embedding-for-Question-Qu-Yang/8495c1722e1f5107733c842839c2d298b9116921,19,Abstract,3,We propose a conceptually simple yet highly effective approach referred to as history answer embedding. 
https://www.semanticscholar.org/paper/BERT-with-History-Answer-Embedding-for-Question-Qu-Yang/8495c1722e1f5107733c842839c2d298b9116921,19,Abstract,4,It enables seamless integration of conversation history into a conversational question answering (ConvQA) model built on BERT (Bidirectional Encoder Representations from Transformers). 
https://www.semanticscholar.org/paper/BERT-with-History-Answer-Embedding-for-Question-Qu-Yang/8495c1722e1f5107733c842839c2d298b9116921,19,Abstract,5,"We first explain our view that ConvQA is a simplified but concrete setting of conversational search, and then we provide a general framework to solve ConvQA. "
https://www.semanticscholar.org/paper/BERT-with-History-Answer-Embedding-for-Question-Qu-Yang/8495c1722e1f5107733c842839c2d298b9116921,19,Abstract,6,We further demonstrate the effectiveness of our approach under this framework. 
https://www.semanticscholar.org/paper/BERT-with-History-Answer-Embedding-for-Question-Qu-Yang/8495c1722e1f5107733c842839c2d298b9116921,19,Abstract,7,"Finally, we analyze the impact of different numbers of history turns under different settings to provide new insights into conversation history modeling in ConvQA"
https://www.semanticscholar.org/paper/Understanding-the-Behaviors-of-BERT-in-Ranking-Qiao-Xiong/ff580d712ba7e2ad7b60be0f1b1f67d2ab8333da,20,Title,0,Understanding the Behaviors of BERT in Ranking
https://www.semanticscholar.org/paper/Understanding-the-Behaviors-of-BERT-in-Ranking-Qiao-Xiong/ff580d712ba7e2ad7b60be0f1b1f67d2ab8333da,20,Abstract,0,This paper studies the performances and behaviors of BERT in ranking tasks. 
https://www.semanticscholar.org/paper/Understanding-the-Behaviors-of-BERT-in-Ranking-Qiao-Xiong/ff580d712ba7e2ad7b60be0f1b1f67d2ab8333da,20,Abstract,1,We explore several different ways to leverage the pre-trained BERT and fine-tune it on two ranking tasks: MS MARCO passage reranking and TREC Web Track ad hoc document ranking. 
https://www.semanticscholar.org/paper/Understanding-the-Behaviors-of-BERT-in-Ranking-Qiao-Xiong/ff580d712ba7e2ad7b60be0f1b1f67d2ab8333da,20,Abstract,2,"Experimental results on MS MARCO demonstrate the strong effectiveness of BERT in question-answering focused passage ranking tasks, as well as the fact that BERT is a strong interaction-based seq2seq matching model. "
https://www.semanticscholar.org/paper/Understanding-the-Behaviors-of-BERT-in-Ranking-Qiao-Xiong/ff580d712ba7e2ad7b60be0f1b1f67d2ab8333da,20,Abstract,3,Experimental results on TREC show the gaps between the BERT pre-trained on surrounding contexts and the needs of ad hoc document ranking. 
https://www.semanticscholar.org/paper/Understanding-the-Behaviors-of-BERT-in-Ranking-Qiao-Xiong/ff580d712ba7e2ad7b60be0f1b1f67d2ab8333da,20,Abstract,4,"Analyses illustrate how BERT allocates its attentions between query-document tokens in its Transformer layers, how it prefers semantic matches between paraphrase tokens, and how that differs with the soft match patterns learned by a click-trained neural ranker"
https://www.semanticscholar.org/paper/Simple-BERT-Models-for-Relation-Extraction-and-Role-Shi-Lin/fddbcabe0fc9be0684855ae3dd059fb525a69e5b,21,Title,0,Simple BERT Models for Relation Extraction and Semantic Role Labeling
https://www.semanticscholar.org/paper/Simple-BERT-Models-for-Relation-Extraction-and-Role-Shi-Lin/fddbcabe0fc9be0684855ae3dd059fb525a69e5b,21,Abstract,0,We present simple BERT-based models for relation extraction and semantic role labeling. 
https://www.semanticscholar.org/paper/Simple-BERT-Models-for-Relation-Extraction-and-Role-Shi-Lin/fddbcabe0fc9be0684855ae3dd059fb525a69e5b,21,Abstract,1,"In recent years, state-of-the-art performance has been achieved using neural models by incorporating lexical and syntactic features such as part-of-speech tags and dependency trees. "
https://www.semanticscholar.org/paper/Simple-BERT-Models-for-Relation-Extraction-and-Role-Shi-Lin/fddbcabe0fc9be0684855ae3dd059fb525a69e5b,21,Abstract,2,"In this paper, extensive experiments on datasets for these two tasks show that without using any external features, a simple BERT-based model can achieve state-of-the-art performance. "
https://www.semanticscholar.org/paper/Simple-BERT-Models-for-Relation-Extraction-and-Role-Shi-Lin/fddbcabe0fc9be0684855ae3dd059fb525a69e5b,21,Abstract,3,"To our knowledge, we are the first to successfully apply BERT in this manner. "
https://www.semanticscholar.org/paper/Simple-BERT-Models-for-Relation-Extraction-and-Role-Shi-Lin/fddbcabe0fc9be0684855ae3dd059fb525a69e5b,21,Abstract,4,Our models provide strong baselines for future research
https://www.semanticscholar.org/paper/BERT-and-PALs%3A-Projected-Attention-Layers-for-in-Stickland-Murray/660d3472d9c3733dedcf911187b234f2b65561b5,22,Title,0,BERT and PALs: Projected Attention Layers for Efficient Adaptation in Multi-Task Learning
https://www.semanticscholar.org/paper/BERT-and-PALs%3A-Projected-Attention-Layers-for-in-Stickland-Murray/660d3472d9c3733dedcf911187b234f2b65561b5,22,Abstract,0,Multi-task learning allows the sharing of useful information between multiple related tasks. 
https://www.semanticscholar.org/paper/BERT-and-PALs%3A-Projected-Attention-Layers-for-in-Stickland-Murray/660d3472d9c3733dedcf911187b234f2b65561b5,22,Abstract,1,"In natural language processing several recent approaches have successfully leveraged unsupervised pre-training on large amounts of data to perform well on various tasks, such as those in the GLUE benchmark. "
https://www.semanticscholar.org/paper/BERT-and-PALs%3A-Projected-Attention-Layers-for-in-Stickland-Murray/660d3472d9c3733dedcf911187b234f2b65561b5,22,Abstract,2,These results are based on fine-tuning on each task separately. 
https://www.semanticscholar.org/paper/BERT-and-PALs%3A-Projected-Attention-Layers-for-in-Stickland-Murray/660d3472d9c3733dedcf911187b234f2b65561b5,22,Abstract,3,"We explore the multi-task learning setting for the recent BERT model on the GLUE benchmark, and how to best add task-specific parameters to a pre-trained BERT network, with a high degree of parameter sharing between tasks. "
https://www.semanticscholar.org/paper/BERT-and-PALs%3A-Projected-Attention-Layers-for-in-Stickland-Murray/660d3472d9c3733dedcf911187b234f2b65561b5,22,Abstract,4,"We introduce new adaptation modules, PALs or `projected attention layers', which use a low-dimensional multi-head attention mechanism, based on the idea that it is important to include layers with inductive biases useful for the input domain. "
https://www.semanticscholar.org/paper/BERT-and-PALs%3A-Projected-Attention-Layers-for-in-Stickland-Murray/660d3472d9c3733dedcf911187b234f2b65561b5,22,Abstract,5,"By using PALs in parallel with BERT layers, we match the performance of fine-tuned BERT on the GLUE benchmark with roughly 7 times fewer parameters, and obtain state-of-the-art results on the Recognizing Textual Entailment dataset"
https://www.semanticscholar.org/paper/What-BERT-Is-Not%3A-Lessons-from-a-New-Suite-of-for-Ettinger/a0e49f65b6847437f262c59d0d399255101d0b75,23,Title,0,What BERT Is Not: Lessons from a New Suite of Psycholinguistic Diagnostics for Language Models
https://www.semanticscholar.org/paper/What-BERT-Is-Not%3A-Lessons-from-a-New-Suite-of-for-Ettinger/a0e49f65b6847437f262c59d0d399255101d0b75,23,Abstract,0,"Pre-training by language modeling has become a popular and successful approach to NLP tasks, but we have yet to understand exactly what linguistic capacities these pre-training processes confer upon models. "
https://www.semanticscholar.org/paper/What-BERT-Is-Not%3A-Lessons-from-a-New-Suite-of-for-Ettinger/a0e49f65b6847437f262c59d0d399255101d0b75,23,Abstract,1,"In this paper we introduce a suite of diagnostics drawn from human language experiments, which allow us to ask targeted questions about information used by language models for generating predictions in context. "
https://www.semanticscholar.org/paper/What-BERT-Is-Not%3A-Lessons-from-a-New-Suite-of-for-Ettinger/a0e49f65b6847437f262c59d0d399255101d0b75,23,Abstract,2,"As a case study, we apply these diagnostics to the popular BERT model, finding that it can generally distinguish good from bad completions involving shared category or role reversal, albeit with less sensitivity than humans, and it robustly retrieves noun hypernyms, but it struggles with challenging inference and role-based event prediction— and, in particular, it shows clear insensitivity to the contextual impacts of negation"
https://www.semanticscholar.org/paper/Visualizing-and-Understanding-the-Effectiveness-of-Hao-Dong/d3cacb4806886eb2fe59c90d4b6f822c24ff1822,24,Title,0,Visualizing and Understanding the Effectiveness of BERT
https://www.semanticscholar.org/paper/Visualizing-and-Understanding-the-Effectiveness-of-Hao-Dong/d3cacb4806886eb2fe59c90d4b6f822c24ff1822,24,Abstract,0,"Language model pre-training, such as BERT, has achieved remarkable results in many NLP tasks. "
https://www.semanticscholar.org/paper/Visualizing-and-Understanding-the-Effectiveness-of-Hao-Dong/d3cacb4806886eb2fe59c90d4b6f822c24ff1822,24,Abstract,1,"However, it is unclear why the pre-training-then-fine-tuning paradigm can improve performance and generalization capability across different tasks. "
https://www.semanticscholar.org/paper/Visualizing-and-Understanding-the-Effectiveness-of-Hao-Dong/d3cacb4806886eb2fe59c90d4b6f822c24ff1822,24,Abstract,2,"In this paper, we propose to visualize loss landscapes and optimization trajectories of fine-tuning BERT on specific datasets. "
https://www.semanticscholar.org/paper/Visualizing-and-Understanding-the-Effectiveness-of-Hao-Dong/d3cacb4806886eb2fe59c90d4b6f822c24ff1822,24,Abstract,3,"First, we find that pre-training reaches a good initial point across downstream tasks, which leads to wider optima and easier optimization compared with training from scratch. "
https://www.semanticscholar.org/paper/Visualizing-and-Understanding-the-Effectiveness-of-Hao-Dong/d3cacb4806886eb2fe59c90d4b6f822c24ff1822,24,Abstract,4,"We also demonstrate that the fine-tuning procedure is robust to overfitting, even though BERT is highly over-parameterized for downstream tasks. "
https://www.semanticscholar.org/paper/Visualizing-and-Understanding-the-Effectiveness-of-Hao-Dong/d3cacb4806886eb2fe59c90d4b6f822c24ff1822,24,Abstract,5,"Second, the visualization results indicate that fine-tuning BERT tends to generalize better because of the flat and wide optima, and the consistency between the training loss surface and the generalization error surface. "
https://www.semanticscholar.org/paper/Visualizing-and-Understanding-the-Effectiveness-of-Hao-Dong/d3cacb4806886eb2fe59c90d4b6f822c24ff1822,24,Abstract,6,"Third, the lower layers of BERT are more invariant during fine-tuning, which suggests that the layers that are close to input learn more transferable representations of language"
https://www.semanticscholar.org/paper/Conditional-BERT-Contextual-Augmentation-Wu-Lv/188024469a2443f262b3cbb5c5d4a96851949d68,25,Title,0,Conditional BERT Contextual Augmentation
https://www.semanticscholar.org/paper/Conditional-BERT-Contextual-Augmentation-Wu-Lv/188024469a2443f262b3cbb5c5d4a96851949d68,25,Abstract,0,Data augmentation methods are often applied to prevent overfitting and improve generalization of deep neural network models. 
https://www.semanticscholar.org/paper/Conditional-BERT-Contextual-Augmentation-Wu-Lv/188024469a2443f262b3cbb5c5d4a96851949d68,25,Abstract,1,Recently proposed contextual augmentation augments labeled sentences by randomly replacing words with more varied substitutions predicted by language model. 
https://www.semanticscholar.org/paper/Conditional-BERT-Contextual-Augmentation-Wu-Lv/188024469a2443f262b3cbb5c5d4a96851949d68,25,Abstract,2,Bidirectional Encoder Representations from Transformers (BERT) demonstrates that a deep bidirectional language model is more powerful than either an unidirectional language model or the shallow concatenation of a forward and backward model. 
https://www.semanticscholar.org/paper/Conditional-BERT-Contextual-Augmentation-Wu-Lv/188024469a2443f262b3cbb5c5d4a96851949d68,25,Abstract,3,We propose a novel data augmentation method for labeled sentences called conditional BERT contextual augmentation. 
https://www.semanticscholar.org/paper/Conditional-BERT-Contextual-Augmentation-Wu-Lv/188024469a2443f262b3cbb5c5d4a96851949d68,25,Abstract,4,"We retrofit BERT to conditional BERT by introducing a new conditional masked language model (The term “conditional masked language model” appeared once in original BERT paper, which indicates context-conditional, is equivalent to term “masked language model”. "
https://www.semanticscholar.org/paper/Conditional-BERT-Contextual-Augmentation-Wu-Lv/188024469a2443f262b3cbb5c5d4a96851949d68,25,Abstract,5,"In our paper, “conditional masked language model” indicates we apply extra label-conditional constraint to the “masked language model”.) task. "
https://www.semanticscholar.org/paper/Conditional-BERT-Contextual-Augmentation-Wu-Lv/188024469a2443f262b3cbb5c5d4a96851949d68,25,Abstract,6,The well trained conditional BERT can be applied to enhance contextual augmentation. 
https://www.semanticscholar.org/paper/Conditional-BERT-Contextual-Augmentation-Wu-Lv/188024469a2443f262b3cbb5c5d4a96851949d68,25,Abstract,7,Experiments on six various different text classification tasks show that our method can be easily applied to both convolutional or recurrent neural networks classifier to obtain improvement
https://www.semanticscholar.org/paper/Small-and-Practical-BERT-Models-for-Sequence-Tsai-Riesa/2f9d4887d0022400fc40c774c4c78350c3bc5390,26,Title,0,Small and Practical BERT Models for Sequence Labeling
https://www.semanticscholar.org/paper/Small-and-Practical-BERT-Models-for-Sequence-Tsai-Riesa/2f9d4887d0022400fc40c774c4c78350c3bc5390,26,Abstract,0,We propose a practical scheme to train a single multilingual sequence labeling model that yields state of the art results and is small and fast enough to run on a single CPU. 
https://www.semanticscholar.org/paper/Small-and-Practical-BERT-Models-for-Sequence-Tsai-Riesa/2f9d4887d0022400fc40c774c4c78350c3bc5390,26,Abstract,1,"Starting from a public multilingual BERT checkpoint, our final model is 6x smaller and 27x faster, and has higher accuracy than a state-of-the-art multilingual baseline. "
https://www.semanticscholar.org/paper/Small-and-Practical-BERT-Models-for-Sequence-Tsai-Riesa/2f9d4887d0022400fc40c774c4c78350c3bc5390,26,Abstract,2,"We show that our model especially outperforms on low-resource languages, and works on codemixed input text without being explicitly trained on codemixed examples. "
https://www.semanticscholar.org/paper/Small-and-Practical-BERT-Models-for-Sequence-Tsai-Riesa/2f9d4887d0022400fc40c774c4c78350c3bc5390,26,Abstract,3,We showcase the effectiveness of our method by reporting on part-of-speech tagging and morphological prediction on 70 treebanks and 48 languages
https://www.semanticscholar.org/paper/Data-Augmentation-for-BERT-Fine-Tuning-in-Question-Yang-Xie/f5eaf727b80240a13e9f631211c9ecec7e3b9feb,27,Title,0,Data Augmentation for BERT Fine-Tuning in Open-Domain Question Answering
https://www.semanticscholar.org/paper/Data-Augmentation-for-BERT-Fine-Tuning-in-Question-Yang-Xie/f5eaf727b80240a13e9f631211c9ecec7e3b9feb,27,Abstract,0,"Recently, a simple combination of passage retrieval using off-the-shelf IR techniques and a BERT reader was found to be very effective for question answering directly on Wikipedia, yielding a large improvement over the previous state of the art on a standard benchmark dataset. "
https://www.semanticscholar.org/paper/Data-Augmentation-for-BERT-Fine-Tuning-in-Question-Yang-Xie/f5eaf727b80240a13e9f631211c9ecec7e3b9feb,27,Abstract,1,"In this paper, we present a data augmentation technique using distant supervision that exploits positive as well as negative examples. "
https://www.semanticscholar.org/paper/Data-Augmentation-for-BERT-Fine-Tuning-in-Question-Yang-Xie/f5eaf727b80240a13e9f631211c9ecec7e3b9feb,27,Abstract,2,"We apply a stage-wise approach to fine tuning BERT on multiple datasets, starting with data that is ""furthest"" from the test data and ending with the ""closest"". "
https://www.semanticscholar.org/paper/Data-Augmentation-for-BERT-Fine-Tuning-in-Question-Yang-Xie/f5eaf727b80240a13e9f631211c9ecec7e3b9feb,27,Abstract,3,"Experimental results show large gains in effectiveness over previous approaches on English QA datasets, and we establish new baselines on two recent Chinese QA datasets"
https://www.semanticscholar.org/paper/BERT-is-Not-a-Knowledge-Base-(Yet)%3A-Factual-vs.-in-Poerner-Waltinger/9df6cc3bf35b70613abe95ad269ac74f169c9080,28,Title,0,BERT is Not a Knowledge Base (Yet): Factual Knowledge vs. Name-Based Reasoning in Unsupervised QA
https://www.semanticscholar.org/paper/BERT-is-Not-a-Knowledge-Base-(Yet)%3A-Factual-vs.-in-Poerner-Waltinger/9df6cc3bf35b70613abe95ad269ac74f169c9080,28,Abstract,0,"The BERT language model (LM) (Devlin et al., 2019) is surprisingly good at answering cloze-style questions about relational facts. "
https://www.semanticscholar.org/paper/BERT-is-Not-a-Knowledge-Base-(Yet)%3A-Factual-vs.-in-Poerner-Waltinger/9df6cc3bf35b70613abe95ad269ac74f169c9080,28,Abstract,1,Petroni et al. (2019) take this as evidence that BERT memorizes factual knowledge during pre-training. 
https://www.semanticscholar.org/paper/BERT-is-Not-a-Knowledge-Base-(Yet)%3A-Factual-vs.-in-Poerner-Waltinger/9df6cc3bf35b70613abe95ad269ac74f169c9080,28,Abstract,2,"We take issue with this interpretation and argue that the performance of BERT is partly due to reasoning about (the surface form of) entity names, e.g., guessing that a person with an Italian-sounding name speaks Italian. "
https://www.semanticscholar.org/paper/BERT-is-Not-a-Knowledge-Base-(Yet)%3A-Factual-vs.-in-Poerner-Waltinger/9df6cc3bf35b70613abe95ad269ac74f169c9080,28,Abstract,3,"More specifically, we show that BERT's precision drops dramatically when we filter certain easy-to-guess facts. "
https://www.semanticscholar.org/paper/BERT-is-Not-a-Knowledge-Base-(Yet)%3A-Factual-vs.-in-Poerner-Waltinger/9df6cc3bf35b70613abe95ad269ac74f169c9080,28,Abstract,4,"As a remedy, we propose E-BERT, an extension of BERT that replaces entity mentions with symbolic entity embeddings. "
https://www.semanticscholar.org/paper/BERT-is-Not-a-Knowledge-Base-(Yet)%3A-Factual-vs.-in-Poerner-Waltinger/9df6cc3bf35b70613abe95ad269ac74f169c9080,28,Abstract,5,"E-BERT outperforms both BERT and ERNIE (Zhang et al., 2019) on hard-to-guess queries. "
https://www.semanticscholar.org/paper/BERT-is-Not-a-Knowledge-Base-(Yet)%3A-Factual-vs.-in-Poerner-Waltinger/9df6cc3bf35b70613abe95ad269ac74f169c9080,28,Abstract,6,"We take this as evidence that E-BERT is richer in factual knowledge, and we show two ways of ensembling BERT and E-BERT"
https://www.semanticscholar.org/paper/How-Contextual-are-Contextualized-Word-Comparing-of-Ethayarajh/9d7902e834d5d1d35179962c7a5b9d16623b0d39,29,Title,0,"How Contextual are Contextualized Word Representations? Comparing the Geometry of BERT, ELMo, and GPT-2 Embeddings"
https://www.semanticscholar.org/paper/How-Contextual-are-Contextualized-Word-Comparing-of-Ethayarajh/9d7902e834d5d1d35179962c7a5b9d16623b0d39,29,Abstract,0,Replacing static word embeddings with contextualized word representations has yielded significant improvements on many NLP tasks. 
https://www.semanticscholar.org/paper/How-Contextual-are-Contextualized-Word-Comparing-of-Ethayarajh/9d7902e834d5d1d35179962c7a5b9d16623b0d39,29,Abstract,1,"However, just how contextual are the contextualized representations produced by models such as ELMo and BERT? "
https://www.semanticscholar.org/paper/How-Contextual-are-Contextualized-Word-Comparing-of-Ethayarajh/9d7902e834d5d1d35179962c7a5b9d16623b0d39,29,Abstract,2,"Are there infinitely many context-specific representations for each word, or are words essentially assigned one of a finite number of word-sense representations? "
https://www.semanticscholar.org/paper/How-Contextual-are-Contextualized-Word-Comparing-of-Ethayarajh/9d7902e834d5d1d35179962c7a5b9d16623b0d39,29,Abstract,3,"For one, we find that the contextualized representations of all words are not isotropic in any layer of the contextualizing model. "
https://www.semanticscholar.org/paper/How-Contextual-are-Contextualized-Word-Comparing-of-Ethayarajh/9d7902e834d5d1d35179962c7a5b9d16623b0d39,29,Abstract,4,"While representations of the same word in different contexts still have a greater cosine similarity than those of two different words, this self-similarity is much lower in upper layers. "
https://www.semanticscholar.org/paper/How-Contextual-are-Contextualized-Word-Comparing-of-Ethayarajh/9d7902e834d5d1d35179962c7a5b9d16623b0d39,29,Abstract,5,"This suggests that upper layers of contextualizing models produce more context-specific representations, much like how upper layers of LSTMs produce more task-specific representations. "
https://www.semanticscholar.org/paper/How-Contextual-are-Contextualized-Word-Comparing-of-Ethayarajh/9d7902e834d5d1d35179962c7a5b9d16623b0d39,29,Abstract,6,"In all layers of ELMo, BERT, and GPT-2, on average, less than 5% of the variance in a word's contextualized representations can be explained by a static embedding for that word, providing some justification for the success of contextualized representations"